{"v":"4.10.2","fr":25,"ip":0,"op":150,"w":102,"h":102,"nm":"Face ID","ddd":0,"assets":[{"id":"comp_0","layers":[{"ddd":0,"ind":1,"ty":4,"nm":"Calque de forme 4","sr":1,"ks":{"o":{"a":0,"k":100,"ix":11},"r":{"a":0,"k":0,"ix":10},"p":{"a":0,"k":[51,51,0],"ix":2},"a":{"a":0,"k":[0,0,0],"ix":1},"s":{"a":0,"k":[100,100,100],"ix":6}},"ao":0,"shapes":[{"ty":"gr","it":[{"ty":"rc","d":1,"s":{"a":0,"k":[89.129,89.512],"ix":2},"p":{"a":0,"k":[0,0],"ix":3},"r":{"a":1,"k":[{"i":{"x":[0.667],"y":[1]},"o":{"x":[0.333],"y":[0]},"n":["0p667_1_0p333_0"],"t":77,"s":[22],"e":[55]},{"t":87}],"ix":4},"nm":"Tracé rectangulaire 1","mn":"ADBE Vector Shape - Rect","hd":false},{"ty":"st","c":{"a":0,"k":[0,0.43137255311,0.976470589638,1],"ix":3},"o":{"a":0,"k":100,"ix":4},"w":{"a":0,"k":6,"ix":5},"lc":2,"lj":2,"nm":"Contour 1","mn":"ADBE Vector Graphic - Stroke","hd":false},{"ty":"tr","p":{"a":0,"k":[0.064,0.256],"ix":2},"a":{"a":0,"k":[0,0],"ix":1},"s":{"a":0,"k":[94.27,94.27],"ix":3},"r":{"a":0,"k":0,"ix":6},"o":{"a":0,"k":100,"ix":7},"sk":{"a":0,"k":0,"ix":4},"sa":{"a":0,"k":0,"ix":5},"nm":"Transformer "}],"nm":"Rectangle 1","np":2,"cix":2,"ix":1,"mn":"ADBE Vector Group","hd":false},{"ty":"tm","s":{"a":1,"k":[{"i":{"x":[0.667],"y":[1]},"o":{"x":[0.333],"y":[0]},"n":["0p667_1_0p333_0"],"t":77,"s":[12],"e":[2]},{"t":83}],"ix":1},"e":{"a":1,"k":[{"i":{"x":[0.667],"y":[1]},"o":{"x":[0.333],"y":[0]},"n":["0p667_1_0p333_0"],"t":77,"s":[26],"e":[33]},{"t":83}],"ix":2},"o":{"a":1,"k":[{"i":{"x":[0.667],"y":[1]},"o":{"x":[0.333],"y":[0]},"n":["0p667_1_0p333_0"],"t":77,"s":[0],"e":[-25]},{"t":87}],"ix":3},"m":1,"ix":2,"nm":"Raccorder les tracés 1","mn":"ADBE Vector Filter - Trim","hd":false}],"ip":0,"op":4525,"st":0,"bm":0},{"ddd":0,"ind":2,"ty":4,"nm":"Calque de forme 3","sr":1,"ks":{"o":{"a":0,"k":100,"ix":11},"r":{"a":0,"k":0,"ix":10},"p":{"a":0,"k":[51,51,0],"ix":2},"a":{"a":0,"k":[0,0,0],"ix":1},"s":{"a":0,"k":[100,100,100],"ix":6}},"ao":0,"shapes":[{"ty":"gr","it":[{"ty":"rc","d":1,"s":{"a":0,"k":[89.129,89.512],"ix":2},"p":{"a":0,"k":[0,0],"ix":3},"r":{"a":1,"k":[{"i":{"x":[0.667],"y":[1]},"o":{"x":[0.333],"y":[0]},"n":["0p667_1_0p333_0"],"t":77,"s":[22],"e":[55]},{"t":87}],"ix":4},"nm":"Tracé rectangulaire 1","mn":"ADBE Vector Shape - Rect","hd":false},{"ty":"st","c":{"a":0,"k":[0,0.43137255311,0.976470589638,1],"ix":3},"o":{"a":0,"k":100,"ix":4},"w":{"a":0,"k":6,"ix":5},"lc":2,"lj":2,"nm":"Contour 1","mn":"ADBE Vector Graphic - Stroke","hd":false},{"ty":"tr","p":{"a":0,"k":[0.064,0.256],"ix":2},"a":{"a":0,"k":[0,0],"ix":1},"s":{"a":0,"k":[94.27,94.27],"ix":3},"r":{"a":0,"k":0,"ix":6},"o":{"a":0,"k":100,"ix":7},"sk":{"a":0,"k":0,"ix":4},"sa":{"a":0,"k":0,"ix":5},"nm":"Transformer "}],"nm":"Rectangle 1","np":2,"cix":2,"ix":1,"mn":"ADBE Vector Group","hd":false},{"ty":"tm","s":{"a":1,"k":[{"i":{"x":[0.667],"y":[1]},"o":{"x":[0.333],"y":[0]},"n":["0p667_1_0p333_0"],"t":77,"s":[37],"e":[21]},{"t":83}],"ix":1},"e":{"a":1,"k":[{"i":{"x":[0.667],"y":[1]},"o":{"x":[0.333],"y":[0]},"n":["0p667_1_0p333_0"],"t":77,"s":[52],"e":[64]},{"t":83}],"ix":2},"o":{"a":1,"k":[{"i":{"x":[0.667],"y":[1]},"o":{"x":[0.333],"y":[0]},"n":["0p667_1_0p333_0"],"t":77,"s":[0],"e":[-30]},{"t":87}],"ix":3},"m":1,"ix":2,"nm":"Raccorder les tracés 1","mn":"ADBE Vector Filter - Trim","hd":false}],"ip":0,"op":4525,"st":0,"bm":0},{"ddd":0,"ind":3,"ty":4,"nm":"Calque de forme 2","sr":1,"ks":{"o":{"a":0,"k":100,"ix":11},"r":{"a":0,"k":0,"ix":10},"p":{"a":0,"k":[51,51,0],"ix":2},"a":{"a":0,"k":[0,0,0],"ix":1},"s":{"a":0,"k":[100,100,100],"ix":6}},"ao":0,"shapes":[{"ty":"gr","it":[{"ty":"rc","d":1,"s":{"a":0,"k":[89.129,89.512],"ix":2},"p":{"a":0,"k":[0,0],"ix":3},"r":{"a":1,"k":[{"i":{"x":[0.667],"y":[1]},"o":{"x":[0.333],"y":[0]},"n":["0p667_1_0p333_0"],"t":77,"s":[22],"e":[55]},{"t":87}],"ix":4},"nm":"Tracé rectangulaire 1","mn":"ADBE Vector Shape - Rect","hd":false},{"ty":"st","c":{"a":0,"k":[0,0.43137255311,0.976470589638,1],"ix":3},"o":{"a":0,"k":100,"ix":4},"w":{"a":0,"k":6,"ix":5},"lc":2,"lj":2,"nm":"Contour 1","mn":"ADBE Vector Graphic - Stroke","hd":false},{"ty":"tr","p":{"a":0,"k":[0.064,0.256],"ix":2},"a":{"a":0,"k":[0,0],"ix":1},"s":{"a":0,"k":[94.27,94.27],"ix":3},"r":{"a":0,"k":0,"ix":6},"o":{"a":0,"k":100,"ix":7},"sk":{"a":0,"k":0,"ix":4},"sa":{"a":0,"k":0,"ix":5},"nm":"Transformer "}],"nm":"Rectangle 1","np":2,"cix":2,"ix":1,"mn":"ADBE Vector Group","hd":false},{"ty":"tm","s":{"a":1,"k":[{"i":{"x":[0.667],"y":[1]},"o":{"x":[0.333],"y":[0]},"n":["0p667_1_0p333_0"],"t":77,"s":[61],"e":[54]},{"t":83}],"ix":1},"e":{"a":1,"k":[{"i":{"x":[0.667],"y":[1]},"o":{"x":[0.333],"y":[0]},"n":["0p667_1_0p333_0"],"t":77,"s":[77],"e":[83]},{"t":83}],"ix":2},"o":{"a":1,"k":[{"i":{"x":[0.667],"y":[1]},"o":{"x":[0.333],"y":[0]},"n":["0p667_1_0p333_0"],"t":77,"s":[0],"e":[-27]},{"t":87}],"ix":3},"m":1,"ix":2,"nm":"Raccorder les tracés 1","mn":"ADBE Vector Filter - Trim","hd":false}],"ip":0,"op":4525,"st":0,"bm":0},{"ddd":0,"ind":4,"ty":4,"nm":"Calque de forme 1","sr":1,"ks":{"o":{"a":0,"k":100,"ix":11},"r":{"a":0,"k":0,"ix":10},"p":{"a":0,"k":[51,51,0],"ix":2},"a":{"a":0,"k":[0,0,0],"ix":1},"s":{"a":0,"k":[100,100,100],"ix":6}},"ao":0,"shapes":[{"ty":"gr","it":[{"ty":"rc","d":1,"s":{"a":0,"k":[89.129,89.512],"ix":2},"p":{"a":0,"k":[0,0],"ix":3},"r":{"a":1,"k":[{"i":{"x":[0.667],"y":[1]},"o":{"x":[0.333],"y":[0]},"n":["0p667_1_0p333_0"],"t":77,"s":[22],"e":[55]},{"t":87}],"ix":4},"nm":"Tracé rectangulaire 1","mn":"ADBE Vector Shape - Rect","hd":false},{"ty":"st","c":{"a":0,"k":[0,0.43137255311,0.976470589638,1],"ix":3},"o":{"a":0,"k":100,"ix":4},"w":{"a":0,"k":6,"ix":5},"lc":2,"lj":2,"nm":"Contour 1","mn":"ADBE Vector Graphic - Stroke","hd":false},{"ty":"tr","p":{"a":0,"k":[0.064,0.256],"ix":2},"a":{"a":0,"k":[0,0],"ix":1},"s":{"a":0,"k":[94.27,94.27],"ix":3},"r":{"a":0,"k":0,"ix":6},"o":{"a":0,"k":100,"ix":7},"sk":{"a":0,"k":0,"ix":4},"sa":{"a":0,"k":0,"ix":5},"nm":"Transformer "}],"nm":"Rectangle 1","np":2,"cix":2,"ix":1,"mn":"ADBE Vector Group","hd":false},{"ty":"tm","s":{"a":1,"k":[{"i":{"x":[0.667],"y":[1]},"o":{"x":[0.333],"y":[0]},"n":["0p667_1_0p333_0"],"t":77,"s":[92],"e":[98]},{"t":83}],"ix":1},"e":{"a":1,"k":[{"i":{"x":[0.667],"y":[1]},"o":{"x":[0.333],"y":[0]},"n":["0p667_1_0p333_0"],"t":77,"s":[76],"e":[68]},{"t":83}],"ix":2},"o":{"a":1,"k":[{"i":{"x":[0.667],"y":[1]},"o":{"x":[0.333],"y":[0]},"n":["0p667_1_0p333_0"],"t":77,"s":[39],"e":[8]},{"t":87}],"ix":3},"m":1,"ix":2,"nm":"Raccorder les tracés 1","mn":"ADBE Vector Filter - Trim","hd":false}],"ip":0,"op":4525,"st":0,"bm":0}]}],"layers":[{"ddd":0,"ind":1,"ty":0,"nm":"Précomp. 3","refId":"comp_0","sr":1,"ks":{"o":{"a":0,"k":100,"ix":11},"r":{"a":0,"k":0,"ix":10},"p":{"a":0,"k":[51,51,0],"ix":2},"a":{"a":0,"k":[51,51,0],"ix":1},"s":{"a":0,"k":[100,100,100],"ix":6}},"ao":0,"w":102,"h":102,"ip":0,"op":4525,"st":0,"bm":0},{"ddd":0,"ind":2,"ty":4,"nm":"check Silhouettes","sr":1,"ks":{"o":{"a":0,"k":100,"ix":11},"r":{"a":0,"k":0,"ix":10},"p":{"a":0,"k":[53.202,50.422,0],"ix":2},"a":{"a":0,"k":[28.559,24.5,0],"ix":1},"s":{"a":0,"k":[100,100,100],"ix":6}},"ao":0,"shapes":[{"ty":"gr","it":[{"ind":0,"ty":"sh","ix":1,"ks":{"a":0,"k":{"i":[[0,0],[0,0],[0,0]],"o":[[0,0],[0,0],[0,0]],"v":[[-21.104,-2.096],[-3.247,17.046],[21.104,-17.046]],"c":false},"ix":2},"nm":"Tracé 1","mn":"ADBE Vector Shape - Group","hd":false},{"ty":"st","c":{"a":0,"k":[0,0.430999995213,0.976000019148,1],"ix":3},"o":{"a":0,"k":100,"ix":4},"w":{"a":0,"k":4.982,"ix":5},"lc":2,"lj":1,"ml":10,"nm":"Contour 1","mn":"ADBE Vector Graphic - Stroke","hd":false},{"ty":"tr","p":{"a":0,"k":[28.559,24.5],"ix":2},"a":{"a":0,"k":[0,0],"ix":1},"s":{"a":0,"k":[100,100],"ix":3},"r":{"a":0,"k":0,"ix":6},"o":{"a":0,"k":100,"ix":7},"sk":{"a":0,"k":0,"ix":4},"sa":{"a":0,"k":0,"ix":5},"nm":"Transformer "}],"nm":"Groupe 1","np":2,"cix":2,"ix":1,"mn":"ADBE Vector Group","hd":false},{"ty":"tm","s":{"a":0,"k":0,"ix":1},"e":{"a":1,"k":[{"i":{"x":[0.572],"y":[0.724]},"o":{"x":[0],"y":[0]},"n":["0p572_0p724_0_0"],"t":117.5,"s":[0],"e":[100]},{"i":{"x":[0.681],"y":[0.465]},"o":{"x":[0.346],"y":[-0.93]},"n":["0p681_0p465_0p346_-0p93"],"t":121.5,"s":[100],"e":[85]},{"i":{"x":[0.677],"y":[0.199]},"o":{"x":[0.343],"y":[-0.889]},"n":["0p677_0p199_0p343_-0p889"],"t":124,"s":[85],"e":[91.479]},{"i":{"x":[0.68],"y":[1]},"o":{"x":[0.346],"y":[1.828]},"n":["0p68_1_0p346_1p828"],"t":125.667,"s":[91.479],"e":[93]},{"t":126.5}],"ix":2},"o":{"a":0,"k":0,"ix":3},"m":1,"ix":2,"nm":"Raccorder les tracés 1","mn":"ADBE Vector Filter - Trim","hd":false}],"ip":0,"op":4525,"st":0,"bm":0},{"ddd":0,"ind":3,"ty":4,"nm":"nez Silhouettes","sr":1,"ks":{"o":{"a":1,"k":[{"i":{"x":[0.833],"y":[0.833]},"o":{"x":[0.167],"y":[0.167]},"n":["0p833_0p833_0p167_0p167"],"t":110,"s":[100],"e":[0]},{"t":116}],"ix":11},"r":{"a":0,"k":0,"ix":10},"p":{"a":1,"k":[{"i":{"x":0.833,"y":0.833},"o":{"x":0.167,"y":0.167},"n":"0p833_0p833_0p167_0p167","t":34.093,"s":[50.7,48.168,0],"e":[50.7,48.168,0],"to":[0,0,0],"ti":[0,0,0]},{"i":{"x":0.667,"y":1},"o":{"x":0.333,"y":0},"n":"0p667_1_0p333_0","t":44.921,"s":[50.7,48.168,0],"e":[63.7,48.168,0],"to":[0,0,0],"ti":[0,0,0]},{"i":{"x":0.833,"y":0.833},"o":{"x":0.167,"y":0.167},"n":"0p833_0p833_0p167_0p167","t":51.473,"s":[63.7,48.168,0],"e":[63.7,48.168,0],"to":[0,0,0],"ti":[0,0,0]},{"i":{"x":0.833,"y":0.833},"o":{"x":0.333,"y":0},"n":"0p833_0p833_0p333_0","t":64,"s":[63.7,48.168,0],"e":[51.022,42.605,0],"to":[0,0,0],"ti":[6.33444213867188,-0.08209228515625,0]},{"i":{"x":0.833,"y":0.833},"o":{"x":0.167,"y":0.167},"n":"0p833_0p833_0p167_0p167","t":71,"s":[51.022,42.605,0],"e":[41.921,48.168,0],"to":[-6.33444213867188,0.08209228515625,0],"ti":[-0.14103698730469,-3.08209228515625,0]},{"i":{"x":0.574,"y":0.761},"o":{"x":0.167,"y":0.167},"n":"0p574_0p761_0p167_0p167","t":76.112,"s":[41.921,48.168,0],"e":[47.306,51.918,0],"to":[0.14103698730469,3.08209228515625,0],"ti":[-2.96309494972229,2.36847585645308e-15,0]},{"i":{"x":0.704,"y":1},"o":{"x":0.338,"y":0.2},"n":"0p704_1_0p338_0p2","t":80,"s":[47.306,51.918,0],"e":[50.7,48.168,0],"to":[2.65059494972229,-2.11868668734073e-15,0],"ti":[0,0,0]},{"t":83}],"ix":2},"a":{"a":0,"k":[12.25,28.75,0],"ix":1},"s":{"a":0,"k":[40,40,100],"ix":6}},"ao":0,"shapes":[{"ty":"gr","it":[{"ind":0,"ty":"sh","ix":1,"ks":{"a":0,"k":{"i":[[-3.449,0],[-0.266,4.731],[0,0],[-3.449,0],[0,-3.406],[0,0],[0,0],[10.743,0],[0,3.405]],"o":[[3.746,0],[0,0],[0,-3.406],[3.449,0],[0,0],[0,0],[-0.57,11.147],[-3.449,0],[0,-3.406]],"v":[[-5.755,16.167],[-0.49,10.17],[-0.49,-22.334],[5.755,-28.5],[12,-22.334],[12,10.333],[11.992,10.644],[-5.755,28.5],[-12,22.334]],"c":true},"ix":2},"nm":"Tracé 1","mn":"ADBE Vector Shape - Group","hd":false},{"ty":"fl","c":{"a":0,"k":[0,0.430999995213,0.976000019148,1],"ix":4},"o":{"a":0,"k":100,"ix":5},"r":1,"nm":"Fond 1","mn":"ADBE Vector Graphic - Fill","hd":false},{"ty":"tr","p":{"a":0,"k":[12.25,28.75],"ix":2},"a":{"a":0,"k":[0,0],"ix":1},"s":{"a":0,"k":[100,100],"ix":3},"r":{"a":0,"k":0,"ix":6},"o":{"a":0,"k":100,"ix":7},"sk":{"a":0,"k":0,"ix":4},"sa":{"a":0,"k":0,"ix":5},"nm":"Transformer "}],"nm":"Groupe 1","np":2,"cix":2,"ix":1,"mn":"ADBE Vector Group","hd":false}],"ip":0,"op":750,"st":0,"bm":0},{"ddd":0,"ind":4,"ty":4,"nm":"yeux Silhouettes 2","sr":1,"ks":{"o":{"a":1,"k":[{"i":{"x":[0.833],"y":[0.833]},"o":{"x":[0.167],"y":[0.167]},"n":["0p833_0p833_0p167_0p167"],"t":99.018,"s":[100],"e":[0]},{"i":{"x":[0.833],"y":[0.833]},"o":{"x":[0.167],"y":[0.167]},"n":["0p833_0p833_0p167_0p167"],"t":99.391,"s":[0],"e":[0]},{"i":{"x":[0.833],"y":[0.833]},"o":{"x":[0.167],"y":[0.167]},"n":["0p833_0p833_0p167_0p167"],"t":100.509,"s":[0],"e":[100]},{"i":{"x":[0.833],"y":[0.833]},"o":{"x":[0.167],"y":[0.167]},"n":["0p833_0p833_0p167_0p167"],"t":100.882,"s":[100],"e":[100]},{"i":{"x":[0.833],"y":[0.833]},"o":{"x":[0.167],"y":[0.167]},"n":["0p833_0p833_0p167_0p167"],"t":110,"s":[100],"e":[0]},{"t":116}],"ix":11},"r":{"a":0,"k":0,"ix":10},"p":{"a":1,"k":[{"i":{"x":0.833,"y":0.833},"o":{"x":0.167,"y":0.167},"n":"0p833_0p833_0p167_0p167","t":34.093,"s":[67.1,42.168,0],"e":[67.1,42.168,0],"to":[0,0,0],"ti":[0,0,0]},{"i":{"x":0.667,"y":1},"o":{"x":0.333,"y":0},"n":"0p667_1_0p333_0","t":44.921,"s":[67.1,42.168,0],"e":[75.1,42.168,0],"to":[0,0,0],"ti":[0,0,0]},{"i":{"x":0.833,"y":0.833},"o":{"x":0.167,"y":0.167},"n":"0p833_0p833_0p167_0p167","t":51.473,"s":[75.1,42.168,0],"e":[75.1,42.168,0],"to":[0,0,0],"ti":[0,0,0]},{"i":{"x":0.833,"y":0.833},"o":{"x":0.333,"y":0},"n":"0p833_0p833_0p333_0","t":64.043,"s":[75.1,42.168,0],"e":[67.244,37.793,0],"to":[0,0,0],"ti":[5.18186950683594,-0.01980590820312,0]},{"i":{"x":0.833,"y":0.833},"o":{"x":0.167,"y":0.167},"n":"0p833_0p833_0p167_0p167","t":70.777,"s":[67.244,37.793,0],"e":[61.544,42.168,0],"to":[-5.18186950683594,0.01980590820312,0],"ti":[0.04396057128906,-1.76980590820312,0]},{"i":{"x":0.574,"y":0.824},"o":{"x":0.167,"y":0.167},"n":"0p574_0p824_0p167_0p167","t":76.574,"s":[61.544,42.168,0],"e":[64.952,45.918,0],"to":[-0.04396057128906,1.76980590820312,0],"ti":[-2.17288208007812,-0.01980590820312,0]},{"i":{"x":0.704,"y":1},"o":{"x":0.338,"y":0.145},"n":"0p704_1_0p338_0p145","t":80,"s":[64.952,45.918,0],"e":[67.1,42.168,0],"to":[2.17288208007812,0.01980590820312,0],"ti":[0,0,0]},{"t":83}],"ix":2},"a":{"a":0,"k":[6.25,13.75,0],"ix":1},"s":{"a":0,"k":[40,40,100],"ix":6}},"ao":0,"shapes":[{"ty":"gr","it":[{"ind":0,"ty":"sh","ix":1,"ks":{"a":1,"k":[{"i":{"x":0.833,"y":0.833},"o":{"x":0.167,"y":0.167},"n":"0p833_0p833_0p167_0p167","t":98.272,"s":[{"i":[[0,0],[-3.313,0],[0,-3.441],[0,0],[3.313,0],[0,3.44]],"o":[[0,-3.441],[3.313,0],[0,0],[0,3.44],[-3.313,0],[0,0]],"v":[[-6,-7.269],[0,-13.5],[6,-7.269],[6,7.27],[0,13.5],[-6,7.27]],"c":true}],"e":[{"i":[[0,0],[-3.313,0],[0,-3.441],[0,0],[3.313,0],[0,3.44]],"o":[[0,-3.441],[3.313,0],[0,0],[0,3.44],[-3.313,0],[0,0]],"v":[[-6,0.231],[0,-6],[6,0.231],[6,0.708],[0,6.938],[-6,0.708]],"c":true}]},{"i":{"x":0.833,"y":0.833},"o":{"x":0.167,"y":0.167},"n":"0p833_0p833_0p167_0p167","t":99.391,"s":[{"i":[[0,0],[-3.313,0],[0,-3.441],[0,0],[3.313,0],[0,3.44]],"o":[[0,-3.441],[3.313,0],[0,0],[0,3.44],[-3.313,0],[0,0]],"v":[[-6,0.231],[0,-6],[6,0.231],[6,0.708],[0,6.938],[-6,0.708]],"c":true}],"e":[{"i":[[0,0],[-3.313,0],[0,-3.441],[0,0],[3.313,0],[0,3.44]],"o":[[0,-3.441],[3.313,0],[0,0],[0,3.44],[-3.313,0],[0,0]],"v":[[-6,0.231],[0,-6],[6,0.231],[6,0.708],[0,6.938],[-6,0.708]],"c":true}]},{"i":{"x":0.833,"y":0.833},"o":{"x":0.167,"y":0.167},"n":"0p833_0p833_0p167_0p167","t":100.509,"s":[{"i":[[0,0],[-3.313,0],[0,-3.441],[0,0],[3.313,0],[0,3.44]],"o":[[0,-3.441],[3.313,0],[0,0],[0,3.44],[-3.313,0],[0,0]],"v":[[-6,0.231],[0,-6],[6,0.231],[6,0.708],[0,6.938],[-6,0.708]],"c":true}],"e":[{"i":[[0,0],[-3.313,0],[0,-3.441],[0,0],[3.313,0],[0,3.44]],"o":[[0,-3.441],[3.313,0],[0,0],[0,3.44],[-3.313,0],[0,0]],"v":[[-6,-7.269],[0,-13.5],[6,-7.269],[6,7.27],[0,13.5],[-6,7.27]],"c":true}]},{"t":102}],"ix":2},"nm":"Tracé 1","mn":"ADBE Vector Shape - Group","hd":false},{"ty":"fl","c":{"a":0,"k":[0,0.430999995213,0.976000019148,1],"ix":4},"o":{"a":0,"k":100,"ix":5},"r":1,"nm":"Fond 1","mn":"ADBE Vector Graphic - Fill","hd":false},{"ty":"tr","p":{"a":0,"k":[6.25,13.75],"ix":2},"a":{"a":0,"k":[0,0],"ix":1},"s":{"a":0,"k":[100,100],"ix":3},"r":{"a":0,"k":0,"ix":6},"o":{"a":0,"k":100,"ix":7},"sk":{"a":0,"k":0,"ix":4},"sa":{"a":0,"k":0,"ix":5},"nm":"Transformer "}],"nm":"Groupe 1","np":2,"cix":2,"ix":1,"mn":"ADBE Vector Group","hd":false}],"ip":0,"op":750,"st":0,"bm":0},{"ddd":0,"ind":5,"ty":4,"nm":"yeux Silhouettes","sr":1,"ks":{"o":{"a":1,"k":[{"i":{"x":[0.833],"y":[0.833]},"o":{"x":[0.167],"y":[0.167]},"n":["0p833_0p833_0p167_0p167"],"t":110,"s":[100],"e":[0]},{"t":116}],"ix":11},"r":{"a":0,"k":0,"ix":10},"p":{"a":1,"k":[{"i":{"x":0.833,"y":0.833},"o":{"x":0.167,"y":0.167},"n":"0p833_0p833_0p167_0p167","t":34.093,"s":[35.9,42.168,0],"e":[35.9,42.168,0],"to":[0,0,0],"ti":[0,0,0]},{"i":{"x":0.667,"y":1},"o":{"x":0.333,"y":0},"n":"0p667_1_0p333_0","t":44.921,"s":[35.9,42.168,0],"e":[43.9,42.168,0],"to":[0,0,0],"ti":[0,0,0]},{"i":{"x":0.833,"y":0.833},"o":{"x":0.167,"y":0.167},"n":"0p833_0p833_0p167_0p167","t":51.473,"s":[43.9,42.168,0],"e":[43.9,42.168,0],"to":[0,0,0],"ti":[0,0,0]},{"i":{"x":0.833,"y":0.833},"o":{"x":0.333,"y":0},"n":"0p833_0p833_0p333_0","t":64.043,"s":[43.9,42.168,0],"e":[36.056,38.48,0],"to":[0,0,0],"ti":[3.555908203125,-0.08230590820312,0]},{"i":{"x":0.833,"y":0.833},"o":{"x":0.167,"y":0.167},"n":"0p833_0p833_0p167_0p167","t":70.777,"s":[36.056,38.48,0],"e":[30.344,42.168,0],"to":[-3.555908203125,0.08230590820312,0],"ti":[-0.03103637695312,-2.20730590820312,0]},{"i":{"x":0.574,"y":0.826},"o":{"x":0.167,"y":0.167},"n":"0p574_0p826_0p167_0p167","t":76.574,"s":[30.344,42.168,0],"e":[33.748,45.918,0],"to":[0.03103637695312,2.20730590820312,0],"ti":[-2.23937940597534,0,0]},{"i":{"x":0.704,"y":1},"o":{"x":0.338,"y":0.15},"n":"0p704_1_0p338_0p15","t":80,"s":[33.748,45.918,0],"e":[35.9,42.168,0],"to":[1.6760071516037,0,0],"ti":[0,0,0]},{"t":83}],"ix":2},"a":{"a":0,"k":[6.25,13.75,0],"ix":1},"s":{"a":0,"k":[40,40,100],"ix":6}},"ao":0,"shapes":[{"ty":"gr","it":[{"ind":0,"ty":"sh","ix":1,"ks":{"a":0,"k":{"i":[[0,0],[-3.313,0],[0,-3.441],[0,0],[3.313,0],[0,3.44]],"o":[[0,-3.441],[3.313,0],[0,0],[0,3.44],[-3.313,0],[0,0]],"v":[[-6,-7.269],[0,-13.5],[6,-7.269],[6,7.27],[0,13.5],[-6,7.27]],"c":true},"ix":2},"nm":"Tracé 1","mn":"ADBE Vector Shape - Group","hd":false},{"ty":"fl","c":{"a":0,"k":[0,0.430999995213,0.976000019148,1],"ix":4},"o":{"a":0,"k":100,"ix":5},"r":1,"nm":"Fond 1","mn":"ADBE Vector Graphic - Fill","hd":false},{"ty":"tr","p":{"a":0,"k":[6.25,13.75],"ix":2},"a":{"a":0,"k":[0,0],"ix":1},"s":{"a":0,"k":[100,100],"ix":3},"r":{"a":0,"k":0,"ix":6},"o":{"a":0,"k":100,"ix":7},"sk":{"a":0,"k":0,"ix":4},"sa":{"a":0,"k":0,"ix":5},"nm":"Transformer "}],"nm":"Groupe 1","np":2,"cix":2,"ix":1,"mn":"ADBE Vector Group","hd":false}],"ip":0,"op":750,"st":0,"bm":0},{"ddd":0,"ind":6,"ty":4,"nm":"bouche Silhouettes","sr":1,"ks":{"o":{"a":1,"k":[{"i":{"x":[0.833],"y":[0.833]},"o":{"x":[0.167],"y":[0.167]},"n":["0p833_0p833_0p167_0p167"],"t":110,"s":[100],"e":[0]},{"t":116}],"ix":11},"r":{"a":0,"k":0,"ix":10},"p":{"a":1,"k":[{"i":{"x":0.833,"y":0.833},"o":{"x":0.167,"y":0.167},"n":"0p833_0p833_0p167_0p167","t":34.093,"s":[51.5,68.446,0],"e":[51.5,68.446,0],"to":[0,0,0],"ti":[0,0,0]},{"i":{"x":0.667,"y":1},"o":{"x":0.333,"y":0},"n":"0p667_1_0p333_0","t":45.176,"s":[51.5,68.446,0],"e":[59.5,68.446,0],"to":[0,0,0],"ti":[0,0,0]},{"i":{"x":0.833,"y":0.833},"o":{"x":0.167,"y":0.167},"n":"0p833_0p833_0p167_0p167","t":52,"s":[59.5,68.446,0],"e":[59.5,68.446,0],"to":[0,0,0],"ti":[0,0,0]},{"i":{"x":0.833,"y":0.833},"o":{"x":0.333,"y":0},"n":"0p833_0p833_0p333_0","t":64,"s":[59.5,68.446,0],"e":[51.619,64.696,0],"to":[0,0,0],"ti":[5.30685424804688,-0.11619567871094,0]},{"i":{"x":0.833,"y":0.833},"o":{"x":0.167,"y":0.167},"n":"0p833_0p833_0p167_0p167","t":70.721,"s":[51.619,64.696,0],"e":[45.937,68.446,0],"to":[-5.30685424804688,0.11619567871094,0],"ti":[0.0618896484375,-1.61619567871094,0]},{"i":{"x":0.574,"y":0.828},"o":{"x":0.167,"y":0.167},"n":"0p574_0p828_0p167_0p167","t":76.574,"s":[45.937,68.446,0],"e":[49.349,72.196,0],"to":[-0.0618896484375,1.61619567871094,0],"ti":[-2.80197405815125,-0.01979235187173,0]},{"i":{"x":0.704,"y":1},"o":{"x":0.338,"y":0.137},"n":"0p704_1_0p338_0p137","t":80,"s":[49.349,72.196,0],"e":[51.5,68.446,0],"to":[2.92718553543091,0.0625,0],"ti":[0,0,0]},{"t":83}],"ix":2},"a":{"a":0,"k":[36.868,12.054,0],"ix":1},"s":{"a":0,"k":[40,40,100],"ix":6}},"ao":0,"shapes":[{"ty":"gr","it":[{"ind":0,"ty":"sh","ix":1,"ks":{"a":0,"k":{"i":[[8.916,8.522],[-2.323,2.356],[-2.393,-2.287],[-10.708,0],[-6.58,6.29],[-2.322,-2.356],[2.393,-2.287],[13.747,0]],"o":[[-2.393,-2.287],[2.321,-2.356],[6.58,6.29],[10.708,0],[2.393,-2.287],[2.323,2.356],[-8.916,8.522],[-13.746,0]],"v":[[-34.167,-0.985],[-34.295,-9.392],[-25.758,-9.517],[-0.001,-0.087],[25.758,-9.517],[34.295,-9.392],[34.168,-0.985],[-0.001,11.804]],"c":true},"ix":2},"nm":"Tracé 1","mn":"ADBE Vector Shape - Group","hd":false},{"ty":"fl","c":{"a":0,"k":[0,0.430999995213,0.976000019148,1],"ix":4},"o":{"a":0,"k":100,"ix":5},"r":1,"nm":"Fond 1","mn":"ADBE Vector Graphic - Fill","hd":false},{"ty":"tr","p":{"a":0,"k":[36.867,12.054],"ix":2},"a":{"a":0,"k":[0,0],"ix":1},"s":{"a":0,"k":[100,100],"ix":3},"r":{"a":0,"k":0,"ix":6},"o":{"a":0,"k":100,"ix":7},"sk":{"a":0,"k":0,"ix":4},"sa":{"a":0,"k":0,"ix":5},"nm":"Transformer "}],"nm":"Groupe 1","np":2,"cix":2,"ix":1,"mn":"ADBE Vector Group","hd":false}],"ip":0,"op":750,"st":0,"bm":0}]}